<?xml version="1.0" encoding="UTF-8"?>
<project-private xmlns="http://www.netbeans.org/ns/project-private/1">
    <editor-bookmarks xmlns="http://www.netbeans.org/ns/editor-bookmarks/2" lastBookmarkId="0"/>
    <open-files xmlns="http://www.netbeans.org/ns/projectui-open-files/2">
        <group>
            <file>file:/C:/Users/camsl/Documents/GitHub/Faxmail/FaxmailApp_NetBeans/src/ui/FenLogin.java</file>
            <file>file:/C:/Users/camsl/Documents/GitHub/Faxmail/FaxmailApp_NetBeans/src/Modele/Declaration.java</file>
            <file>file:/C:/Users/camsl/Documents/GitHub/Faxmail/FaxmailApp_NetBeans/src/ui/PaneAcceuil.java</file>
            <file>file:/C:/Users/camsl/Documents/GitHub/Faxmail/FaxmailApp_NetBeans/src/Control/AppCtr.java</file>
            <file>file:/C:/Users/camsl/Documents/GitHub/Faxmail/FaxmailApp_NetBeans/src/Modele/Dossier.java</file>
            <file>file:/C:/Users/camsl/Documents/GitHub/Faxmail/FaxmailApp_NetBeans/src/ui/PaneDossier.java</file>
            <file>file:/C:/Users/camsl/Documents/GitHub/Faxmail/FaxmailApp_NetBeans/src/ui/testONglet.java</file>
        </group>
    </open-files>
</project-private>
